"nombre","apellido","pais","deporte_id"
"Kati","Clac","China",1
"Juliet","Thursby","United States",1
"Mabelle","Edden","Nigeria",1
"Killian","Marielle","Poland",1
"Tildy","Rhyme","Cambodia",1
"Adriano","Cosbee","Philippines",1
"Anallise","Kingzett","China",1
"Cathie","Warters","China",1
"Franciskus","Fyall","Indonesia",1
"Quentin","Ruzicka","Portugal",1
"Dru","Braidwood","Italy",1
"Cullin","Scotts","Belarus",1
"Royall","Jiroutka","China",1
"Kain","Snuggs","Argentina",1
"Rubin","Coppeard","Ethiopia",1
"Abbot","Hoodlass","Thailand",1
"Shandee","Tolumello","Portugal",1
"Ronnie","Yegorov","Vietnam",2
"Rheba","Indruch","Japan",2
"Laurens","Goudie","Indonesia",2
"Arabel","Glazier","Morocco",2
"Ernestine","Grooby","China",2
"Karol","Mitchenson","Poland",2
"Erinn","Ewbanke","Peru",2
"Chanda","Shaughnessy","Brazil",2
"Aldrich","Boice","Uzbekistan",2
"Livvie","Skokoe","Finland",2
"Kalindi","Maier","Philippines",2
"Stan","Bolger","Indonesia",2
"Dallis","Shearme","France",2
"Linoel","Leven","China",2
"Othella","Mundford","Japan",2
"Freddy","Trousdale","Portugal",2
"Delphine","Rubinowicz","Albania",2
"Andreana","Sima","Indonesia",2
"Lorne","Thursby","China",2
"Lurleen","Strewthers","Indonesia",3
"Rodrick","Coulter","Norway",3
"Ignatius","Linfield","China",3
"Catherine","Persian","Indonesia",3
"Melisenda","Squires","Russia",3
"Susi","Hartland","Dominican Republic",3
"Georgie","Dunnet","Indonesia",3
"Una","Muffitt","Indonesia",3
"Yvette","Sherrington","China",3
"Lucinda","Mattimoe","Vietnam",3
"Jervis","Norewood","Indonesia",3
"Bev","Dove","Brazil",3
"Orland","Crichmere","Philippines",3
"Nedda","Kalinovich","Indonesia",3
"Frederic","Studdeard","Paraguay",3
"Corrie","Connock","Lithuania",3
"Ashlan","Grundey","Colombia",3
"Alfie","Burgoyne","Sweden",3
"Corrina","Yashin","Poland",3
"Victor","Hawke","France",4
"Sophi","Ringe","Russia",4
"Rania","Heineken","Philippines",4
"Brett","Tartt","Indonesia",4
"Catharina","Kenion","Greece",4
"Julietta","Eastcourt","Norway",4
"Leigha","Hawkshaw","Sri Lanka",4
"Ainsley","Brawley","China",4
"Cesar","Desantis","Czech Republic",4
"Ashley","Triggel","China",4
"Douglas","Jasiak","China",4
"Zeb","Derdes","Brazil",4
"Leo","Ocheltree","China",4
"Estrellita","Daid","Costa Rica",4
"Frankie","Gelder","China",4
"Marquita","McGinley","Togo",4
"Milly","Mostin","Russia",4
"Alane","Coath","Indonesia",4
